{
   "User_stored_stat": {
      "app_id": "971442812329525340",
      "is_script": true,
      "detail": "\u66b4\u98a8\u9ede",
      "stat": "\u7a4d\u5206\u806f\u8cfd(16 \u5269\u9918\u5c0f\u968a\u6578)",
      "pic": "logo",
      "pic_text": "APEX\u751a\u9ebc\u6642\u5019\u8981\u8ddf\u9032dc\u8c50\u5bcc\u72c0\u614b\u5566",
      "small_pic": "loba",
      "small_pic_text": "\u4f5c\u5922\u5927\u5e2b(RP:87945)",
      "time_counting": true,
      "button_1_title": "",
      "button_1_url": "",
      "button_1_activate": true,
      "button_2_title": "",
      "button_2_url": "",
      "button_2_activate": true
   },
   "Scripted_stored_data": {
      "time_counting": 12,
      "detail": [
         "\u3000\u614b\u8173\u672c\u6e2c\u8a66\u4e2d",
         "\u72c0\u3000\u8173\u672c\u6e2c\u8a66\u4e2d",
         "\u72c0\u614b\u3000\u672c\u6e2c\u8a66\u4e2d",
         "\u72c0\u614b\u8173\u3000\u6e2c\u8a66\u4e2d",
         "\u72c0\u614b\u8173\u672c\u3000\u8a66\u4e2d",
         "\u72c0\u614b\u8173\u672c\u6e2c\u3000\u4e2d",
         "\u72c0\u614b\u8173\u672c\u6e2c\u8a66\u3000",
         "\u72c0\u614b\u8173\u672c\u6e2c\u3000\u4e2d",
         "\u72c0\u614b\u8173\u672c\u3000\u8a66\u4e2d",
         "\u72c0\u614b\u8173\u3000\u6e2c\u8a66\u4e2d",
         "\u72c0\u614b\u3000\u672c\u6e2c\u8a66\u4e2d",
         "\u72c0\u3000\u8173\u672c\u6e2c\u8a66\u4e2d"
      ],
      "stat": [
         "\u72c0\u614b\u8173\u672c\u6e2c\u8a66\u3000",
         "\u72c0\u614b\u8173\u672c\u6e2c\u3000\u4e2d",
         "\u72c0\u614b\u8173\u672c\u3000\u8a66\u4e2d",
         "\u72c0\u614b\u8173\u3000\u6e2c\u8a66\u4e2d",
         "\u72c0\u614b\u3000\u672c\u6e2c\u8a66\u4e2d",
         "\u72c0\u3000\u8173\u672c\u6e2c\u8a66\u4e2d",
         "\u3000\u614b\u8173\u672c\u6e2c\u8a66\u4e2d",
         "\u72c0\u3000\u8173\u672c\u6e2c\u8a66\u4e2d",
         "\u72c0\u614b\u3000\u672c\u6e2c\u8a66\u4e2d",
         "\u72c0\u614b\u8173\u3000\u6e2c\u8a66\u4e2d",
         "\u72c0\u614b\u8173\u672c\u3000\u8a66\u4e2d",
         "\u72c0\u614b\u8173\u672c\u6e2c\u3000\u4e2d"
      ],
      "pic": [
         "logo",
         "loba"
      ],
      "pic_text": [
         "\u3000\u614b\u8173\u672c\u6e2c\u8a66\u4e2d",
         "\u72c0\u3000\u8173\u672c\u6e2c\u8a66\u4e2d",
         "\u72c0\u614b\u3000\u672c\u6e2c\u8a66\u4e2d",
         "\u72c0\u614b\u8173\u3000\u6e2c\u8a66\u4e2d",
         "\u72c0\u614b\u8173\u672c\u3000\u8a66\u4e2d",
         "\u72c0\u614b\u8173\u672c\u6e2c\u3000\u4e2d",
         "\u72c0\u614b\u8173\u672c\u6e2c\u8a66\u3000",
         "\u72c0\u614b\u8173\u672c\u6e2c\u3000\u4e2d",
         "\u72c0\u614b\u8173\u672c\u3000\u8a66\u4e2d",
         "\u72c0\u614b\u8173\u3000\u6e2c\u8a66\u4e2d",
         "\u72c0\u614b\u3000\u672c\u6e2c\u8a66\u4e2d",
         "\u72c0\u3000\u8173\u672c\u6e2c\u8a66\u4e2d"
      ],
      "small_pic": [
         "loba",
         "logo"
      ],
      "small_pic_text": [
         "\u72c0\u614b\u8173\u672c\u6e2c\u8a66\u3000",
         "\u72c0\u614b\u8173\u672c\u6e2c\u3000\u4e2d",
         "\u72c0\u614b\u8173\u672c\u3000\u8a66\u4e2d",
         "\u72c0\u614b\u8173\u3000\u6e2c\u8a66\u4e2d",
         "\u72c0\u614b\u3000\u672c\u6e2c\u8a66\u4e2d",
         "\u72c0\u3000\u8173\u672c\u6e2c\u8a66\u4e2d",
         "\u3000\u614b\u8173\u672c\u6e2c\u8a66\u4e2d",
         "\u72c0\u3000\u8173\u672c\u6e2c\u8a66\u4e2d",
         "\u72c0\u614b\u3000\u672c\u6e2c\u8a66\u4e2d",
         "\u72c0\u614b\u8173\u3000\u6e2c\u8a66\u4e2d",
         "\u72c0\u614b\u8173\u672c\u3000\u8a66\u4e2d",
         "\u72c0\u614b\u8173\u672c\u6e2c\u3000\u4e2d"
      ],
      "button_1_title": [
         "\u72c0\u614b\u8173\u672c\u6e2c\u8a66\u3000",
         "\u72c0\u614b\u8173\u672c\u6e2c\u3000\u4e2d",
         "\u72c0\u614b\u8173\u672c\u3000\u8a66\u4e2d",
         "\u72c0\u614b\u8173\u3000\u6e2c\u8a66\u4e2d",
         "\u72c0\u614b\u3000\u672c\u6e2c\u8a66\u4e2d",
         "\u72c0\u3000\u8173\u672c\u6e2c\u8a66\u4e2d",
         "\u3000\u614b\u8173\u672c\u6e2c\u8a66\u4e2d",
         "\u72c0\u3000\u8173\u672c\u6e2c\u8a66\u4e2d",
         "\u72c0\u614b\u3000\u672c\u6e2c\u8a66\u4e2d",
         "\u72c0\u614b\u8173\u3000\u6e2c\u8a66\u4e2d",
         "\u72c0\u614b\u8173\u672c\u3000\u8a66\u4e2d",
         "\u72c0\u614b\u8173\u672c\u6e2c\u3000\u4e2d"
      ],
      "button_1_url": [
         "https://www.google.com",
         "https://discord.com/developers/docs/interactions/application-commands"
      ],
      "button_2_title": [
         "\u3000\u614b\u8173\u672c\u6e2c\u8a66\u4e2d",
         "\u72c0\u3000\u8173\u672c\u6e2c\u8a66\u4e2d",
         "\u72c0\u614b\u3000\u672c\u6e2c\u8a66\u4e2d",
         "\u72c0\u614b\u8173\u3000\u6e2c\u8a66\u4e2d",
         "\u72c0\u614b\u8173\u672c\u3000\u8a66\u4e2d",
         "\u72c0\u614b\u8173\u672c\u6e2c\u3000\u4e2d",
         "\u72c0\u614b\u8173\u672c\u6e2c\u8a66\u3000",
         "\u72c0\u614b\u8173\u672c\u6e2c\u3000\u4e2d",
         "\u72c0\u614b\u8173\u672c\u3000\u8a66\u4e2d",
         "\u72c0\u614b\u8173\u3000\u6e2c\u8a66\u4e2d",
         "\u72c0\u614b\u3000\u672c\u6e2c\u8a66\u4e2d",
         "\u72c0\u3000\u8173\u672c\u6e2c\u8a66\u4e2d"
      ],
      "button_2_url": [
         "http://www.google.com"
      ]
   }
}